comparison_mode,method,path_fraction,parameter_distance,mean_abs_probe_probability_change,max_abs_probe_probability_change,mean_abs_probe_margin_change,mean_abs_validation_probability_change,max_abs_validation_probability_change,mean_abs_validation_margin_change
common_distance,influence_hessian,0.0,0.0,0.0,0.0,0.0,0.0,0.0,0.0
common_distance,influence_hessian,0.25,0.0004858259635511786,3.381963324500248e-05,0.00020813941955566406,0.0004191253683529794,3.085823482251726e-05,0.00012308359146118164,0.00041583055281080306
common_distance,influence_hessian,0.5,0.0009716519271023571,6.76597555866465e-05,0.0004163086414337158,0.0008382720407098532,6.170736742205918e-05,0.0002461671829223633,0.0008316037710756063
common_distance,influence_hessian,0.75,0.0014574778906535357,0.0001015110537991859,0.000624537467956543,0.001257586176507175,9.257221972802654e-05,0.0003692507743835449,0.001247752457857132
common_distance,influence_hessian,1.0,0.0019433038542047143,0.00013535242760553956,0.0008327960968017578,0.0016767916968092322,0.00012343708658590913,0.0004924535751342773,0.0016637439839541912
common_distance,influence_hessian,2.0,0.0038866077084094286,0.0002712187124416232,0.0016662180423736572,0.003356973407790065,0.0002469507453497499,0.000985562801361084,0.0033291419968008995
common_distance,influence_hessian,5.0,0.009716519271023571,0.0006792541244067252,0.004169553518295288,0.00840639229863882,0.0006179784541018307,0.0024687647819519043,0.008333859965205193
common_distance,influence_hessian,10.0,0.019433038542047143,0.0013629818568006158,0.008352339267730713,0.016863495111465454,0.001238039811141789,0.004954010248184204,0.016705568879842758
common_distance,raw_fairness_gradient,0.0,0.0,0.0,0.0,0.0,0.0,0.0,0.0
common_distance,raw_fairness_gradient,0.25,0.0004858259635511786,5.881819379283115e-05,0.00026094913482666016,0.000754731590859592,5.571378642343916e-05,0.00017321109771728516,0.000757678528316319
common_distance,raw_fairness_gradient,0.5,0.0009716519271023571,0.00011763949441956356,0.0005219578742980957,0.0015096315182745457,0.00011142136645503342,0.0003463923931121826,0.0015155188739299774
common_distance,raw_fairness_gradient,0.75,0.0014574778906535357,0.00017644402396399528,0.0007830262184143066,0.002264437498524785,0.0001671368081588298,0.0005196928977966309,0.0022734394297003746
common_distance,raw_fairness_gradient,1.0,0.0019433038542047143,0.0002352539449930191,0.0010440945625305176,0.003019338706508279,0.0002228468656539917,0.0006930232048034668,0.0030313823372125626
common_distance,raw_fairness_gradient,2.0,0.0038866077084094286,0.00047084191464819014,0.0020889639854431152,0.006041734479367733,0.0004456647438928485,0.0013869404792785645,0.006064404267817736
common_distance,raw_fairness_gradient,5.0,0.009716519271023571,0.001177389407530427,0.005227506160736084,0.015119550749659538,0.0011139909038320184,0.0034741759300231934,0.015173009596765041
common_distance,raw_fairness_gradient,10.0,0.019433038542047143,0.002355925040319562,0.010471433401107788,0.03029160387814045,0.002227339893579483,0.00697094202041626,0.03038560040295124
native_update,influence_hessian,0.0,0.0,0.0,0.0,0.0,0.0,0.0,0.0
native_update,influence_hessian,0.25,0.0004858259635511786,3.381963324500248e-05,0.00020813941955566406,0.0004191253683529794,3.085823482251726e-05,0.00012308359146118164,0.00041583055281080306
native_update,influence_hessian,0.5,0.0009716519271023571,6.76597555866465e-05,0.0004163086414337158,0.0008382720407098532,6.170736742205918e-05,0.0002461671829223633,0.0008316037710756063
native_update,influence_hessian,0.75,0.0014574778906535357,0.0001015110537991859,0.000624537467956543,0.001257586176507175,9.257221972802654e-05,0.0003692507743835449,0.001247752457857132
native_update,influence_hessian,1.0,0.0019433038542047143,0.00013535242760553956,0.0008327960968017578,0.0016767916968092322,0.00012343708658590913,0.0004924535751342773,0.0016637439839541912
native_update,influence_hessian,2.0,0.0038866077084094286,0.0002712187124416232,0.0016662180423736572,0.003356973407790065,0.0002469507453497499,0.000985562801361084,0.0033291419968008995
native_update,influence_hessian,5.0,0.009716519271023571,0.0006792541244067252,0.004169553518295288,0.00840639229863882,0.0006179784541018307,0.0024687647819519043,0.008333859965205193
native_update,influence_hessian,10.0,0.019433038542047143,0.0013629818568006158,0.008352339267730713,0.016863495111465454,0.001238039811141789,0.004954010248184204,0.016705568879842758
native_update,raw_fairness_gradient,0.0,0.0,0.0,0.0,0.0,0.0,0.0,0.0
native_update,raw_fairness_gradient,0.25,0.0005904482677578926,7.147734868340194e-05,0.0003171265125274658,0.0009172979043796659,6.771543121431023e-05,0.000210493803024292,0.0009209021227434278
native_update,raw_fairness_gradient,0.5,0.0011808965355157852,0.0001429677358828485,0.0006344020366668701,0.001834625145420432,0.0001354275445919484,0.000420987606048584,0.0018418197287246585
native_update,raw_fairness_gradient,0.75,0.0017713448032736778,0.0002144417812814936,0.0009517073631286621,0.002752059604972601,0.00020312683773227036,0.0006316602230072021,0.0027630245313048363
native_update,raw_fairness_gradient,1.0,0.0023617930710315704,0.00028595453477464616,0.0012690424919128418,0.003669905476272106,0.00027082860469818115,0.000842362642288208,0.003684384049847722
native_update,raw_fairness_gradient,2.0,0.004723586142063141,0.000572314893361181,0.0025391876697540283,0.00734421843662858,0.000541627814527601,0.00168609619140625,0.007371342740952969
native_update,raw_fairness_gradient,5.0,0.011808965355157852,0.0014309545513242483,0.006355464458465576,0.018381932750344276,0.0013538040220737457,0.004225283861160278,0.018446054309606552
native_update,raw_fairness_gradient,10.0,0.023617930710315704,0.0028657179791480303,0.012734651565551758,0.0368509441614151,0.0027107736095786095,0.008483916521072388,0.03696560114622116
