comparison_mode,method,path_fraction,applied_scale,parameter_distance,direction_norm,probe_smooth_eo_before,probe_smooth_eo_after,probe_smooth_eo_change,probe_equalized_odds_before,probe_equalized_odds_after,probe_TPR_gap_after,probe_FPR_gap_after,probe_selection_rate_gap_after,validation_accuracy_before,validation_accuracy_after,validation_balanced_accuracy_before,validation_balanced_accuracy_after,validation_macro_f1_before,validation_macro_f1_after,validation_roc_auc_before,validation_roc_auc_after,validation_average_precision_before,validation_average_precision_after,validation_equalized_odds_after,probe_changed_predictions,probe_fraction_changed,probe_flips_0_to_1,probe_flips_1_to_0,probe_beneficial_flips,probe_harmful_flips,probe_changed_predictions_A,probe_A_0_to_1,probe_A_1_to_0,probe_changed_predictions_B,probe_B_0_to_1,probe_B_1_to_0,validation_changed_predictions,validation_fraction_changed,validation_flips_0_to_1,validation_flips_1_to_0,validation_beneficial_flips,validation_harmful_flips,validation_changed_predictions_A,validation_A_0_to_1,validation_A_1_to_0,validation_changed_predictions_B,validation_B_0_to_1,validation_B_1_to_0,balanced_accuracy_constraint,macro_f1_constraint,accepted,rejection_reason,selected
native_update,influence_hessian,0.0,0.0,0.0,0.0027572775725275,0.000672513177907,0.000672513177907,0.0,0.0532258064516129,0.0532258064516129,0.0532258064516129,0.0521052631578947,0.0134782608695652,0.6104553119730185,0.6104553119730185,0.6094557646636198,0.6094557646636198,0.6094557646636198,0.6094557646636198,0.6578593239039884,0.6578593239039884,0.6177527880076856,0.6177527880076856,0.0509206349206349,0,0.0,0,0,0,0,0,0,0,0,0,0,0,0.0,0,0,0,0,0,0,0,0,0,0,True,True,True,,False
native_update,influence_hessian,0.25,0.25,0.0006893193931318,0.0027572775725275,0.000672513177907,0.0006701328848706,-2.3802930364524855e-06,0.0532258064516129,0.0532258064516129,0.0532258064516129,0.0521052631578947,0.0134782608695652,0.6104553119730185,0.6104553119730185,0.6094557646636198,0.6094557646636198,0.6094557646636198,0.6094557646636198,0.6578593239039884,0.6578593239039884,0.6177527880076856,0.617741303029983,0.0509206349206349,0,0.0,0,0,0,0,0,0,0,0,0,0,0,0.0,0,0,0,0,0,0,0,0,0,0,True,True,True,,False
native_update,influence_hessian,0.5,0.5,0.0013786387862637,0.0027572775725275,0.000672513177907,0.0006677555073011,-4.757670605926023e-06,0.0532258064516129,0.0532258064516129,0.0532258064516129,0.0521052631578947,0.0134782608695652,0.6104553119730185,0.6104553119730185,0.6094557646636198,0.6094557646636198,0.6094557646636198,0.6094557646636198,0.6578593239039884,0.6578621749456163,0.6177527880076856,0.617733390071133,0.0509206349206349,0,0.0,0,0,0,0,0,0,0,0,0,0,0,0.0,0,0,0,0,0,0,0,0,0,0,True,True,True,,False
native_update,influence_hessian,0.75,0.75,0.0020679581793956,0.0027572775725275,0.000672513177907,0.000665383651679,-7.129526228055738e-06,0.0532258064516129,0.0532258064516129,0.0532258064516129,0.0521052631578947,0.0134782608695652,0.6104553119730185,0.6104553119730185,0.6094557646636198,0.6094557646636198,0.6094557646636198,0.6094557646636198,0.6578593239039884,0.6578678770288725,0.6177527880076856,0.617763673757402,0.0509206349206349,0,0.0,0,0,0,0,0,0,0,0,0,0,0,0.0,0,0,0,0,0,0,0,0,0,0,True,True,True,,False
native_update,influence_hessian,1.0,1.0,0.0027572775725275,0.0027572775725275,0.000672513177907,0.0006630147180324,-9.498459874635046e-06,0.0532258064516129,0.0532258064516129,0.0532258064516129,0.0521052631578947,0.0134782608695652,0.6104553119730185,0.6104553119730185,0.6094557646636198,0.6094557646636198,0.6094557646636198,0.6094557646636198,0.6578593239039884,0.6578593239039883,0.6177527880076856,0.6177408472395685,0.0509206349206349,0,0.0,0,0,0,0,0,0,0,0,0,0,0,0.0,0,0,0,0,0,0,0,0,0,0,True,True,True,,False
native_update,influence_hessian,2.0,2.0,0.005514555145055,0.0027572775725275,0.000672513177907,0.0006536195197144,-1.8893658192631335e-05,0.0532258064516129,0.0532258064516129,0.0532258064516129,0.0521052631578947,0.0134782608695652,0.6104553119730185,0.6104553119730185,0.6094557646636198,0.6094557646636198,0.6094557646636198,0.6094557646636198,0.6578593239039884,0.6578507707791041,0.6177527880076856,0.6177166077287117,0.0509206349206349,0,0.0,0,0,0,0,0,0,0,0,0,0,0,0.0,0,0,0,0,0,0,0,0,0,0,True,True,True,,False
native_update,influence_hessian,5.0,5.0,0.0137863878626376,0.0027572775725275,0.000672513177907,0.0006260747932929,-4.643838461415584e-05,0.0532258064516129,0.0693548387096774,0.0693548387096774,0.0521052631578947,0.0207246376811593,0.6104553119730185,0.6104553119730185,0.6094557646636198,0.6094557646636198,0.6094557646636198,0.6094557646636198,0.6578593239039884,0.6578365155709639,0.6177527880076856,0.6176324892315443,0.0509206349206349,1,0.0029585798816568,0,1,0,1,1,0,1,0,0,0,0,0.0,0,0,0,0,0,0,0,0,0,0,True,True,True,,False
native_update,influence_hessian,10.0,10.0,0.0275727757252752,0.0027572775725275,0.000672513177907,0.0005819784650284,-9.053471287856496e-05,0.0532258064516129,0.0693548387096774,0.0693548387096774,0.0521052631578947,0.0207246376811593,0.6104553119730185,0.612141652613828,0.6094557646636198,0.6112319635979004,0.6094557646636198,0.6112118309730679,0.6578593239039884,0.6576939634895609,0.6177527880076856,0.6172392276558067,0.0469206349206349,1,0.0029585798816568,0,1,0,1,1,0,1,0,0,0,2,0.0016863406408094,2,0,2,0,0,0,0,2,2,0,True,True,True,,True
native_update,raw_fairness_gradient,0.0,0.0,0.0,0.0034710161853581,0.000672513177907,0.000672513177907,0.0,0.0532258064516129,0.0532258064516129,0.0532258064516129,0.0521052631578947,0.0134782608695652,0.6104553119730185,0.6104553119730185,0.6094557646636198,0.6094557646636198,0.6094557646636198,0.6094557646636198,0.6578593239039884,0.6578593239039884,0.6177527880076856,0.6177527880076856,0.0509206349206349,0,0.0,0,0,0,0,0,0,0,0,0,0,0,0.0,0,0,0,0,0,0,0,0,0,0,True,True,True,,False
native_update,raw_fairness_gradient,0.25,0.25,0.0008677540463395,0.0034710161853581,0.000672513177907,0.000669514258349,-2.9989195580171213e-06,0.0532258064516129,0.0532258064516129,0.0532258064516129,0.0521052631578947,0.0134782608695652,0.6104553119730185,0.6104553119730185,0.6094557646636198,0.6094557646636198,0.6094557646636198,0.6094557646636198,0.6578593239039884,0.6578621749456164,0.6177527880076856,0.6177328433488865,0.0509206349206349,0,0.0,0,0,0,0,0,0,0,0,0,0,0,0.0,0,0,0,0,0,0,0,0,0,0,True,True,True,,False
native_update,raw_fairness_gradient,0.5,0.5,0.001735508092679,0.0034710161853581,0.000672513177907,0.0006665109318539,-6.002246053071758e-06,0.0532258064516129,0.0532258064516129,0.0532258064516129,0.0521052631578947,0.0134782608695652,0.6104553119730185,0.6104553119730185,0.6094557646636198,0.6094557646636198,0.6094557646636198,0.6094557646636198,0.6578593239039884,0.6578707280705005,0.6177527880076856,0.6177661456320935,0.0509206349206349,0,0.0,0,0,0,0,0,0,0,0,0,0,0,0.0,0,0,0,0,0,0,0,0,0,0,True,True,True,,False
native_update,raw_fairness_gradient,0.75,0.75,0.0026032621390186,0.0034710161853581,0.000672513177907,0.0006635186409233,-8.994536983664148e-06,0.0532258064516129,0.0532258064516129,0.0532258064516129,0.0521052631578947,0.0134782608695652,0.6104553119730185,0.6104553119730185,0.6094557646636198,0.6094557646636198,0.6094557646636198,0.6094557646636198,0.6578593239039884,0.6578621749456164,0.6177527880076856,0.6177401077220812,0.0509206349206349,0,0.0,0,0,0,0,0,0,0,0,0,0,0,0.0,0,0,0,0,0,0,0,0,0,0,True,True,True,,False
native_update,raw_fairness_gradient,1.0,1.0,0.0034710161853581,0.0034710161853581,0.000672513177907,0.0006605330154885,-1.1980162418545603e-05,0.0532258064516129,0.0532258064516129,0.0532258064516129,0.0521052631578947,0.0134782608695652,0.6104553119730185,0.6104553119730185,0.6094557646636198,0.6094557646636198,0.6094557646636198,0.6094557646636198,0.6578593239039884,0.6578564728623603,0.6177527880076856,0.6177470326704765,0.0509206349206349,0,0.0,0,0,0,0,0,0,0,0,0,0,0,0.0,0,0,0,0,0,0,0,0,0,0,True,True,True,,False
native_update,raw_fairness_gradient,2.0,2.0,0.0069420323707163,0.0034710161853581,0.000672513177907,0.0006487355001532,-2.377767775385564e-05,0.0532258064516129,0.0532258064516129,0.0532258064516129,0.0521052631578947,0.0134782608695652,0.6104553119730185,0.6104553119730185,0.6094557646636198,0.6094557646636198,0.6094557646636198,0.6094557646636198,0.6578593239039884,0.657845068695848,0.6177527880076856,0.6177244796534845,0.0509206349206349,0,0.0,0,0,0,0,0,0,0,0,0,0,0,0.0,0,0,0,0,0,0,0,0,0,0,True,True,True,,False
native_update,raw_fairness_gradient,5.0,5.0,0.0173550809267908,0.0034710161853581,0.000672513177907,0.0006142695195494,-5.8243658357604033e-05,0.0532258064516129,0.0693548387096774,0.0693548387096774,0.0521052631578947,0.0207246376811593,0.6104553119730185,0.612141652613828,0.6094557646636198,0.6112319635979004,0.6094557646636198,0.6112118309730679,0.6578593239039884,0.6578336645293359,0.6177527880076856,0.6175417216708597,0.0469206349206349,1,0.0029585798816568,0,1,0,1,1,0,1,0,0,0,2,0.0016863406408094,2,0,2,0,0,0,0,2,2,0,True,True,True,,False
native_update,raw_fairness_gradient,10.0,10.0,0.0347101618535816,0.0034710161853581,0.000672513177907,0.0005597513303117,-0.0001127618475953,0.0532258064516129,0.0693548387096774,0.0693548387096774,0.0521052631578947,0.0207246376811593,0.6104553119730185,0.612141652613828,0.6094557646636198,0.6112319635979004,0.6094557646636198,0.6112118309730679,0.6578593239039884,0.657654048906768,0.6177527880076856,0.6171714315886612,0.0469206349206349,1,0.0029585798816568,0,1,0,1,1,0,1,0,0,0,2,0.0016863406408094,2,0,2,0,0,0,0,2,2,0,True,True,True,,True
