rank,local_train_index,sample_id,harmful_influence,observed_label,label,demo,source_row,gender,original_class
1,219,xapi_445,8.310103112307843e-06,0,0,A,445,M,L
2,71,xapi_378,6.551611022587167e-06,0,0,A,378,M,L
3,207,xapi_226,4.355792952992488e-06,0,0,A,226,M,L
4,13,xapi_290,4.1546463762642816e-06,0,0,B,290,F,L
5,106,xapi_468,3.861324330500793e-06,0,0,B,468,F,L
6,194,xapi_469,3.671561216833652e-06,0,0,B,469,F,L
7,53,xapi_87,3.4991612665180583e-06,0,0,A,87,M,L
8,28,xapi_231,3.3409753541491227e-06,0,0,A,231,M,L
9,227,xapi_248,3.324088311273954e-06,0,0,B,248,F,L
10,221,xapi_381,3.2545328849664656e-06,0,0,B,381,F,L
11,183,xapi_380,3.203517280780943e-06,0,0,B,380,F,L
12,10,xapi_331,2.8039494281983934e-06,0,0,A,331,M,L
13,22,xapi_173,2.6296088435628917e-06,0,0,A,173,M,L
14,213,xapi_82,2.345325356145622e-06,0,0,A,82,M,L
15,102,xapi_25,2.2733120204065926e-06,0,0,A,25,M,L
16,134,xapi_45,2.013612402151921e-06,0,0,A,45,M,L
17,205,xapi_115,1.8007965536526171e-06,0,0,A,115,M,L
18,115,xapi_42,1.770709559423267e-06,0,0,A,42,M,L
19,234,xapi_158,1.7674658465693938e-06,0,0,A,158,M,L
20,79,xapi_214,1.716132601359277e-06,0,0,A,214,M,L
21,51,xapi_90,1.3424418057184084e-06,0,0,A,90,M,L
22,218,xapi_60,1.3336704114408349e-06,0,0,B,60,F,L
23,59,xapi_51,1.29808688598132e-06,0,0,A,51,M,L
24,206,xapi_89,1.2776545190718025e-06,0,0,A,89,M,L
25,64,xapi_229,1.2291992561586085e-06,0,0,A,229,M,L
26,110,xapi_204,1.219277805830643e-06,0,0,A,204,M,L
27,236,xapi_81,1.2178727502032416e-06,0,0,A,81,M,L
28,233,xapi_13,1.2141213119321037e-06,0,0,A,13,M,L
29,163,xapi_323,1.207774516842619e-06,0,0,A,323,M,L
30,230,xapi_215,1.1580891623452771e-06,0,0,A,215,M,L
31,192,xapi_50,1.054584117810009e-06,0,0,B,50,F,L
32,136,xapi_175,9.763101616044878e-07,0,0,A,175,M,L
33,122,xapi_374,9.385676094098017e-07,0,0,A,374,M,L
34,113,xapi_128,9.013417638925603e-07,0,0,A,128,M,L
35,116,xapi_54,9.007464996102499e-07,0,0,A,54,M,L
36,50,xapi_74,8.84576593307429e-07,0,0,A,74,M,L
37,199,xapi_78,8.809323048808437e-07,0,0,A,78,M,L
38,175,xapi_322,8.528857051715022e-07,0,0,A,322,M,L
39,164,xapi_31,8.423557460446318e-07,0,0,A,31,M,L
40,156,xapi_35,8.419295340900135e-07,0,0,A,35,M,L
41,67,xapi_34,8.233282642322592e-07,0,0,A,34,M,L
42,168,xapi_349,7.648455948583432e-07,0,0,A,349,M,L
43,171,xapi_23,7.519419682466832e-07,0,0,A,23,M,L
44,150,xapi_124,7.466554166057904e-07,0,0,A,124,M,L
45,29,xapi_301,7.361207963185734e-07,0,0,A,301,M,L
46,182,xapi_407,7.220287443487905e-07,0,0,A,407,M,L
47,130,xapi_415,7.219924214041384e-07,0,0,B,415,F,L
48,98,xapi_334,7.053924946376355e-07,0,0,A,334,M,L
49,151,xapi_33,7.027746278254199e-07,0,0,A,33,M,L
50,30,xapi_242,6.958490530450945e-07,0,0,A,242,M,L
51,167,xapi_57,6.817310236328922e-07,0,0,A,57,M,L
52,119,xapi_114,6.427371772588231e-07,0,0,A,114,M,L
53,185,xapi_130,6.127057190496998e-07,0,0,B,130,F,L
54,232,xapi_260,6.09379810612154e-07,0,0,A,260,M,L
55,49,xapi_388,5.8772127431439e-07,0,0,A,388,M,L
56,75,xapi_102,5.476015303429449e-07,0,0,B,102,F,L
57,196,xapi_132,5.353584811018663e-07,0,0,A,132,M,L
58,201,xapi_125,5.284969688545971e-07,0,0,A,125,M,L
59,84,xapi_72,4.955106192028325e-07,0,0,A,72,M,L
60,40,xapi_2,4.857210456066241e-07,0,0,A,2,M,L
61,48,xapi_300,4.2650796672205615e-07,0,0,A,300,M,L
62,140,xapi_127,4.100560602182668e-07,0,0,A,127,M,L
63,141,xapi_414,2.828053595749225e-07,0,0,B,414,F,L
64,82,xapi_440,-3.7256857154943646e-08,1,1,A,440,M,M
65,7,xapi_399,-4.1885218848847217e-08,1,1,A,399,M,H
66,11,xapi_467,-4.207126735877864e-08,1,1,B,467,F,H
67,215,xapi_425,-4.2684145995508516e-08,1,1,B,425,F,H
68,69,xapi_287,-4.2990908610818224e-08,1,1,B,287,F,H
69,38,xapi_449,-4.5136896886788236e-08,1,1,A,449,M,H
70,86,xapi_446,-4.601101721846135e-08,1,1,A,446,M,M
71,172,xapi_417,-4.75560568702349e-08,1,1,A,417,M,H
72,228,xapi_398,-4.806359044096098e-08,1,1,A,398,M,H
73,226,xapi_329,-4.9168988880410325e-08,1,1,B,329,F,M
74,65,xapi_416,-5.149291837369674e-08,1,1,A,416,M,H
75,135,xapi_436,-5.355564880460406e-08,1,1,A,436,M,M
76,160,xapi_315,-5.3995087512248574e-08,1,1,B,315,F,H
77,217,xapi_258,-5.411454750969824e-08,1,1,B,258,F,M
78,77,xapi_283,-5.499006405784712e-08,1,1,B,283,F,H
79,123,xapi_458,-5.656779933360667e-08,1,1,A,458,M,H
80,203,xapi_392,-5.7765852545799135e-08,1,1,B,392,F,H
81,52,xapi_437,-5.826179361179129e-08,1,1,A,437,M,M
82,120,xapi_328,-5.921573631439969e-08,1,1,B,328,F,M
83,131,xapi_465,-5.933860336426733e-08,1,1,B,465,F,H
84,170,xapi_282,-6.061980428739844e-08,1,1,B,282,F,H
85,58,xapi_135,-6.062197854816986e-08,1,1,B,135,F,H
86,76,xapi_418,-6.109049621727536e-08,1,1,A,418,M,H
87,37,xapi_62,-6.109522132646816e-08,1,1,A,62,M,H
88,117,xapi_275,-6.15037691886755e-08,1,1,B,275,F,H
89,41,xapi_464,-6.298361654444307e-08,1,1,B,464,F,H
90,165,xapi_314,-6.383466910619973e-08,1,1,B,314,F,H
91,197,xapi_438,-6.572448540964615e-08,1,1,A,438,M,M
92,180,xapi_395,-6.766144622361026e-08,1,1,A,395,M,H
93,229,xapi_368,-6.853718304000722e-08,1,1,B,368,F,H
94,23,xapi_358,-6.950560305085673e-08,1,1,B,358,F,H
95,109,xapi_439,-7.150151759560686e-08,1,1,A,439,M,M
96,32,xapi_359,-7.281702352202046e-08,1,1,B,359,F,H
97,63,xapi_146,-7.330176998721072e-08,1,1,B,146,F,H
98,145,xapi_288,-7.584605299371106e-08,1,1,A,288,M,M
99,176,xapi_413,-7.747720331963137e-08,1,1,A,413,M,M
100,216,xapi_136,-7.784683475620113e-08,1,1,B,136,F,H
