sample_id,source_row,gender,demo,Class,label,probability_positive,prediction
xapi_426,426,M,A,M,1,0.9812392,1
xapi_239,239,M,A,H,1,0.9937988,1
xapi_327,327,M,A,L,0,0.2894367,0
xapi_254,254,M,A,H,1,0.977728,1
xapi_434,434,M,A,M,1,0.9866355,1
xapi_144,144,M,A,L,0,0.27759597,0
xapi_456,456,F,B,H,1,0.9885268,1
xapi_220,220,M,A,M,1,0.977548,1
xapi_305,305,F,B,M,1,0.8878784,1
xapi_47,47,F,B,H,1,0.9206531,1
xapi_3,3,M,A,L,0,0.29642177,0
xapi_38,38,M,A,L,0,0.26584244,0
xapi_362,362,M,A,H,1,0.98944587,1
xapi_190,190,M,A,L,0,0.6316491,1
xapi_138,138,F,B,H,1,0.99266875,1
xapi_36,36,M,A,L,0,0.39267272,0
xapi_304,304,F,B,M,1,0.7809318,1
xapi_448,448,M,A,H,1,0.9967602,1
xapi_143,143,M,A,H,1,0.98037463,1
xapi_122,122,F,B,M,1,0.9431557,1
xapi_266,266,M,A,M,1,0.8492292,1
xapi_375,375,M,A,L,0,0.30735192,0
xapi_274,274,F,B,H,1,0.99553716,1
xapi_55,55,M,A,L,0,0.38826594,0
xapi_302,302,F,B,M,1,0.5245338,1
xapi_325,325,M,A,M,1,0.42438695,0
xapi_280,280,M,A,H,1,0.98192143,1
xapi_21,21,F,B,M,1,0.4339609,0
xapi_261,261,M,A,M,1,0.9747226,1
xapi_356,356,M,A,M,1,0.96061325,1
xapi_80,80,M,A,L,0,0.560675,1
xapi_470,470,M,A,M,1,0.99433917,1
xapi_147,147,F,B,M,1,0.82706684,1
xapi_343,343,M,A,M,1,0.93095416,1
xapi_479,479,F,B,L,0,0.48882368,0
xapi_217,217,F,B,M,1,0.98141646,1
xapi_273,273,M,A,H,1,0.5418018,1
xapi_286,286,F,B,H,1,0.9935562,1
xapi_391,391,F,B,M,1,0.98628414,1
xapi_285,285,M,A,M,1,0.82542735,1
xapi_210,210,M,A,H,1,0.98899347,1
xapi_67,67,F,B,H,1,0.9566217,1
xapi_307,307,M,A,H,1,0.98796743,1
xapi_408,408,M,A,M,1,0.86573523,1
xapi_463,463,M,A,M,1,0.9881086,1
xapi_238,238,F,B,M,1,0.97254103,1
xapi_346,346,F,B,H,1,0.9204136,1
xapi_185,185,M,A,H,1,0.9921216,1
xapi_475,475,F,B,L,0,0.2830766,0
xapi_168,168,M,A,H,1,0.94696224,1
xapi_121,121,M,A,L,0,0.26594326,0
xapi_49,49,F,B,M,1,0.8985727,1
xapi_12,12,M,A,L,0,0.24195361,0
xapi_435,435,M,A,M,1,0.9878715,1
xapi_64,64,M,A,L,0,0.25530535,0
xapi_289,289,M,A,M,1,0.99403834,1
xapi_234,234,M,A,M,1,0.9334474,1
xapi_151,151,M,A,M,1,0.96364594,1
xapi_292,292,F,B,H,1,0.99521697,1
xapi_103,103,M,A,L,0,0.24346672,0
xapi_296,296,F,B,H,1,0.99458885,1
xapi_249,249,M,A,M,1,0.93007964,1
xapi_409,409,M,A,M,1,0.88487136,1
xapi_428,428,M,A,L,0,0.32772493,0
xapi_390,390,F,B,M,1,0.98317116,1
xapi_52,52,F,B,M,1,0.82152355,1
xapi_18,18,F,B,M,1,0.96249217,1
xapi_355,355,M,A,H,1,0.98192984,1
xapi_40,40,F,B,L,0,0.3138021,0
xapi_251,251,M,A,L,0,0.7283845,1
xapi_104,104,M,A,M,1,0.28299814,0
xapi_198,198,M,A,L,0,0.44320536,0
