sample_id,source_row,gender,demo,Class,label,observed_label,was_corrupted,NationalITy,PlaceofBirth,StageID,GradeID,SectionID,Topic,Semester,Relation,ParentAnsweringSurvey,ParentschoolSatisfaction,StudentAbsenceDays,raisedhands,VisITedResources,AnnouncementsView,Discussion
xapi_202,202,M,A,M,1,1,0,KW,KuwaIT,MiddleSchool,G-08,B,Arabic,S,Father,Yes,Good,Under-7,25,5,12,33
xapi_252,252,F,B,M,1,1,0,KW,KuwaIT,lowerlevel,G-04,A,Science,S,Father,No,Bad,Under-7,69,76,82,94
xapi_22,22,M,A,M,1,1,0,KW,KuwaIT,MiddleSchool,G-07,A,IT,F,Father,No,Bad,Under-7,15,21,2,90
xapi_369,369,F,B,H,1,1,0,Palestine,Jordan,lowerlevel,G-02,A,Arabic,S,Mum,No,Good,Under-7,75,81,51,34
xapi_134,134,M,A,H,1,1,0,KW,KuwaIT,MiddleSchool,G-07,A,Quran,S,Father,Yes,Good,Under-7,80,80,15,70
xapi_179,179,M,A,M,1,1,0,lebanon,lebanon,lowerlevel,G-02,B,French,S,Mum,No,Bad,Under-7,40,51,20,33
xapi_257,257,F,B,M,1,1,0,KW,KuwaIT,lowerlevel,G-04,A,History,S,Father,No,Good,Under-7,70,99,66,65
xapi_399,399,M,A,H,1,1,0,Palestine,Palestine,MiddleSchool,G-07,A,Biology,S,Father,Yes,Good,Under-7,89,92,89,83
xapi_452,452,F,B,M,1,1,0,Jordan,Jordan,MiddleSchool,G-08,A,Geology,F,Father,Yes,Good,Above-7,25,82,52,20
xapi_98,98,F,B,M,1,1,0,KW,KuwaIT,lowerlevel,G-02,C,IT,F,Father,No,Bad,Under-7,10,3,0,30
xapi_331,331,M,A,L,0,0,0,Jordan,Jordan,lowerlevel,G-02,A,French,S,Father,No,Good,Above-7,35,2,29,33
xapi_467,467,F,B,H,1,1,0,Jordan,Jordan,MiddleSchool,G-08,A,Geology,S,Mum,Yes,Good,Under-7,87,93,63,60
xapi_5,5,F,B,M,1,1,0,KW,KuwaIT,lowerlevel,G-04,A,IT,F,Father,Yes,Bad,Above-7,42,30,13,70
xapi_290,290,F,B,L,0,0,0,Jordan,Jordan,lowerlevel,G-04,A,Science,F,Father,No,Bad,Above-7,49,36,32,44
xapi_284,284,M,A,M,1,1,0,Jordan,Jordan,MiddleSchool,G-06,A,English,F,Father,No,Bad,Above-7,40,38,32,36
xapi_365,365,M,A,H,1,1,0,Iraq,Iraq,lowerlevel,G-02,A,Arabic,S,Father,Yes,Good,Under-7,78,70,31,29
xapi_219,219,M,A,M,1,1,0,KW,KuwaIT,MiddleSchool,G-08,C,Spanish,S,Mum,Yes,Good,Under-7,57,51,46,34
xapi_11,11,M,A,M,1,1,0,KW,KuwaIT,MiddleSchool,G-07,B,Math,F,Father,Yes,Good,Under-7,19,6,19,12
xapi_221,221,M,A,M,1,1,0,lebanon,lebanon,MiddleSchool,G-08,C,Spanish,S,Father,No,Good,Under-7,80,51,40,24
xapi_250,250,M,A,H,1,1,0,KW,KuwaIT,lowerlevel,G-04,A,Math,S,Father,Yes,Good,Under-7,15,6,32,40
xapi_357,357,M,A,M,1,1,0,Jordan,Jordan,lowerlevel,G-02,B,French,S,Father,Yes,Good,Under-7,25,87,21,27
xapi_91,91,M,A,H,1,1,0,KW,KuwaIT,lowerlevel,G-02,B,IT,F,Father,Yes,Good,Under-7,80,90,55,19
xapi_173,173,M,A,L,0,0,0,Syria,Syria,lowerlevel,G-02,B,French,S,Mum,Yes,Good,Above-7,20,52,23,33
xapi_358,358,F,B,H,1,1,0,lebanon,lebanon,lowerlevel,G-02,B,French,F,Mum,Yes,Good,Under-7,72,98,52,15
xapi_268,268,M,A,M,1,1,0,Jordan,Jordan,MiddleSchool,G-06,A,English,F,Father,Yes,Bad,Above-7,10,8,10,10
xapi_177,177,F,B,M,1,1,0,USA,USA,lowerlevel,G-02,B,French,S,Mum,Yes,Bad,Under-7,15,52,83,11
xapi_232,232,M,A,M,1,1,0,Syria,Syria,MiddleSchool,G-07,A,Quran,F,Father,Yes,Good,Above-7,19,72,15,50
xapi_183,183,F,B,M,1,1,0,lebanon,lebanon,MiddleSchool,G-08,A,Arabic,S,Father,No,Bad,Under-7,25,15,32,53
xapi_231,231,M,A,L,0,0,0,Syria,Jordan,MiddleSchool,G-08,A,Spanish,S,Father,Yes,Good,Above-7,9,7,21,20
xapi_301,301,M,A,L,0,0,0,Jordan,Jordan,lowerlevel,G-04,A,Science,S,Father,No,Bad,Above-7,22,34,15,9
xapi_242,242,M,A,L,0,0,0,KW,KuwaIT,MiddleSchool,G-07,B,Science,S,Father,No,Bad,Above-7,22,20,18,6
xapi_53,53,F,B,H,1,1,0,KW,KuwaIT,HighSchool,G-11,A,Science,F,Mum,Yes,Good,Under-7,49,70,19,75
xapi_359,359,F,B,H,1,1,0,lebanon,lebanon,lowerlevel,G-02,B,French,S,Mum,Yes,Good,Under-7,75,90,51,17
xapi_216,216,M,A,M,1,1,0,Iran,Iran,MiddleSchool,G-08,C,Spanish,S,Mum,Yes,Bad,Above-7,27,41,32,61
xapi_421,421,F,B,H,1,1,0,Jordan,Jordan,MiddleSchool,G-08,A,Chemistry,S,Mum,Yes,Good,Under-7,84,92,29,43
xapi_256,256,F,B,H,1,1,0,KW,KuwaIT,lowerlevel,G-04,A,History,S,Mum,No,Good,Under-7,80,87,72,60
xapi_462,462,M,A,M,1,1,0,Iraq,Iraq,MiddleSchool,G-08,A,History,F,Father,Yes,Good,Above-7,72,87,72,89
xapi_62,62,M,A,H,1,1,0,venzuela,venzuela,HighSchool,G-10,A,IT,F,Mum,Yes,Good,Under-7,80,90,70,80
xapi_449,449,M,A,H,1,1,0,Jordan,Jordan,MiddleSchool,G-08,A,History,S,Mum,Yes,Good,Under-7,81,84,77,85
xapi_386,386,M,A,M,1,1,0,Jordan,Jordan,lowerlevel,G-02,B,Arabic,F,Mum,Yes,Good,Under-7,15,90,21,97
xapi_2,2,M,A,L,0,0,0,KW,KuwaIT,lowerlevel,G-04,A,IT,F,Father,No,Bad,Above-7,10,7,0,30
xapi_464,464,F,B,H,1,1,0,Jordan,Jordan,MiddleSchool,G-08,A,Chemistry,F,Mum,Yes,Good,Under-7,85,99,42,90
xapi_195,195,M,A,M,1,1,0,KW,KuwaIT,MiddleSchool,G-08,A,Arabic,S,Father,Yes,Good,Under-7,15,43,42,33
xapi_303,303,F,B,M,1,1,0,Jordan,Jordan,lowerlevel,G-04,B,Science,S,Mum,No,Bad,Under-7,12,44,25,39
xapi_272,272,M,A,M,1,1,0,Jordan,Jordan,MiddleSchool,G-06,A,English,F,Father,No,Bad,Under-7,42,21,2,16
xapi_15,15,F,B,M,1,1,0,KW,KuwaIT,MiddleSchool,G-06,A,IT,F,Father,Yes,Good,Under-7,30,40,22,66
xapi_9,9,F,B,M,1,1,0,KW,KuwaIT,MiddleSchool,G-07,B,IT,F,Father,Yes,Good,Under-7,70,80,25,70
xapi_63,63,M,A,M,1,1,0,KW,KuwaIT,HighSchool,G-10,A,IT,F,Father,Yes,Bad,Under-7,17,13,16,12
xapi_300,300,M,A,L,0,0,0,Jordan,Jordan,lowerlevel,G-04,A,Science,F,Father,No,Bad,Above-7,10,12,20,13
xapi_388,388,M,A,L,0,0,0,Jordan,SaudiArabia,lowerlevel,G-02,B,Arabic,F,Mum,No,Good,Above-7,4,10,11,7
xapi_74,74,M,A,L,0,0,0,KW,KuwaIT,MiddleSchool,G-07,B,IT,F,Father,No,Bad,Under-7,12,0,6,13
xapi_90,90,M,A,L,0,0,0,KW,KuwaIT,lowerlevel,G-02,B,IT,F,Father,Yes,Good,Above-7,4,8,10,60
xapi_437,437,M,A,M,1,1,0,Jordan,Jordan,MiddleSchool,G-08,A,Geology,S,Mum,Yes,Good,Under-7,70,83,70,23
xapi_87,87,M,A,L,0,0,0,KW,KuwaIT,lowerlevel,G-02,B,IT,F,Father,No,Bad,Under-7,19,70,3,50
xapi_387,387,M,A,M,1,1,0,Jordan,Jordan,lowerlevel,G-02,B,Arabic,S,Mum,Yes,Good,Under-7,20,77,31,88
xapi_460,460,M,A,M,1,1,0,Iraq,Iraq,MiddleSchool,G-08,A,Geology,F,Father,Yes,Good,Above-7,80,83,82,71
xapi_97,97,F,B,M,1,1,0,KW,KuwaIT,lowerlevel,G-02,B,IT,F,Father,No,Bad,Under-7,6,2,38,12
xapi_14,14,F,B,H,1,1,0,KW,KuwaIT,MiddleSchool,G-08,A,Math,F,Mum,No,Bad,Above-7,62,70,44,60
xapi_135,135,F,B,H,1,1,0,Egypt,Egypt,MiddleSchool,G-07,A,Quran,S,Mum,Yes,Good,Under-7,70,80,95,70
xapi_51,51,M,A,L,0,0,0,KW,KuwaIT,HighSchool,G-12,A,English,F,Father,No,Good,Above-7,39,15,16,50
xapi_157,157,M,A,M,1,1,0,Tunis,Tunis,HighSchool,G-11,B,Science,S,Father,No,Good,Under-7,70,50,33,40
xapi_30,30,F,B,H,1,1,0,KW,KuwaIT,MiddleSchool,G-08,A,Arabic,F,Father,Yes,Good,Under-7,35,80,50,70
xapi_163,163,F,B,M,1,1,0,Jordan,USA,lowerlevel,G-02,B,French,S,Mum,No,Bad,Above-7,60,82,93,43
xapi_146,146,F,B,H,1,1,0,lebanon,lebanon,MiddleSchool,G-07,A,Quran,S,Mum,Yes,Good,Under-7,100,75,50,70
xapi_229,229,M,A,L,0,0,0,KW,KuwaIT,MiddleSchool,G-08,A,Spanish,S,Father,No,Bad,Above-7,5,17,21,10
xapi_416,416,M,A,H,1,1,0,Iraq,Iraq,MiddleSchool,G-07,B,Biology,F,Father,Yes,Good,Under-7,98,90,86,71
xapi_171,171,M,A,M,1,1,0,KW,KuwaIT,lowerlevel,G-02,B,French,S,Mum,No,Good,Under-7,60,52,23,33
xapi_34,34,M,A,L,0,0,0,KW,KuwaIT,MiddleSchool,G-07,B,Science,F,Father,No,Bad,Above-7,12,11,8,40
xapi_255,255,M,A,H,1,1,0,KW,KuwaIT,lowerlevel,G-04,A,History,S,Father,Yes,Good,Under-7,10,17,12,40
xapi_287,287,F,B,H,1,1,0,Jordan,Jordan,MiddleSchool,G-06,A,English,S,Mum,Yes,Good,Under-7,81,79,91,85
xapi_224,224,M,A,H,1,1,0,KW,KuwaIT,MiddleSchool,G-08,B,Spanish,S,Mum,Yes,Bad,Under-7,87,81,22,70
xapi_378,378,M,A,L,0,0,0,Jordan,Jordan,lowerlevel,G-02,B,Arabic,F,Father,Yes,Bad,Above-7,10,30,50,91
xapi_340,340,F,B,M,1,1,0,Iraq,Iraq,lowerlevel,G-02,B,French,F,Father,No,Good,Under-7,16,90,15,11
xapi_450,450,F,B,H,1,1,0,Jordan,Jordan,MiddleSchool,G-08,A,Chemistry,F,Father,Yes,Good,Under-7,15,97,22,10
xapi_263,263,M,A,M,1,1,0,Egypt,Egypt,lowerlevel,G-04,A,Math,S,Mum,No,Bad,Above-7,49,94,42,7
xapi_102,102,F,B,L,0,0,0,KW,KuwaIT,lowerlevel,G-02,B,IT,F,Father,No,Bad,Above-7,2,6,2,8
xapi_418,418,M,A,H,1,1,0,Palestine,Jordan,MiddleSchool,G-07,B,Biology,F,Father,Yes,Good,Under-7,88,90,76,81
xapi_283,283,F,B,H,1,1,0,Jordan,Jordan,MiddleSchool,G-06,A,English,S,Mum,No,Good,Under-7,97,87,82,86
xapi_194,194,M,A,M,1,1,0,Morocco,Morocco,MiddleSchool,G-08,A,Arabic,S,Mum,No,Bad,Under-7,53,75,72,23
xapi_214,214,M,A,L,0,0,0,KW,KuwaIT,MiddleSchool,G-08,C,Spanish,S,Father,No,Bad,Above-7,17,50,2,4
xapi_423,423,F,B,M,1,1,0,Jordan,Jordan,MiddleSchool,G-08,A,Geology,S,Mum,Yes,Good,Above-7,74,62,49,43
xapi_209,209,M,A,M,1,1,0,KW,KuwaIT,MiddleSchool,G-08,C,Spanish,S,Father,No,Bad,Under-7,70,81,39,84
xapi_440,440,M,A,M,1,1,0,Jordan,Jordan,MiddleSchool,G-08,A,Geology,F,Mum,Yes,Good,Under-7,89,87,86,15
xapi_342,342,M,A,M,1,1,0,Jordan,Jordan,lowerlevel,G-02,B,French,F,Mum,No,Bad,Under-7,40,87,50,41
xapi_72,72,M,A,L,0,0,0,KW,KuwaIT,MiddleSchool,G-07,A,Math,F,Father,No,Bad,Under-7,11,2,2,8
xapi_108,108,M,A,M,1,1,0,SaudiArabia,SaudiArabia,lowerlevel,G-02,B,IT,F,Father,No,Bad,Above-7,7,12,5,3
xapi_446,446,M,A,M,1,1,0,Jordan,Jordan,MiddleSchool,G-08,A,Geology,F,Mum,Yes,Good,Under-7,77,82,74,79
xapi_164,164,M,A,M,1,1,0,Jordan,Jordan,lowerlevel,G-02,B,French,S,Mum,Yes,Good,Above-7,55,72,83,14
xapi_476,476,F,B,M,1,1,0,Jordan,Jordan,MiddleSchool,G-08,A,Geology,F,Father,No,Bad,Under-7,50,77,14,28
xapi_410,410,F,B,H,1,1,0,Jordan,Jordan,MiddleSchool,G-07,B,Biology,F,Mum,No,Good,Under-7,70,89,12,21
xapi_431,431,M,A,H,1,1,0,Jordan,SaudiArabia,MiddleSchool,G-08,A,Geology,S,Father,No,Bad,Under-7,80,89,23,68
xapi_123,123,F,B,M,1,1,0,lebanon,lebanon,lowerlevel,G-02,B,IT,F,Father,Yes,Good,Under-7,70,98,7,5
xapi_222,222,M,A,M,1,1,0,KW,KuwaIT,MiddleSchool,G-08,B,Spanish,S,Father,Yes,Bad,Under-7,62,61,82,40
xapi_240,240,M,A,H,1,1,0,KW,KuwaIT,MiddleSchool,G-07,B,Science,S,Mum,Yes,Bad,Under-7,72,80,98,96
xapi_26,26,M,A,M,1,1,0,KW,KuwaIT,MiddleSchool,G-07,B,IT,F,Father,Yes,Bad,Under-7,19,19,25,40
xapi_397,397,M,A,M,1,1,0,Jordan,Jordan,MiddleSchool,G-07,A,Biology,S,Father,Yes,Bad,Under-7,85,82,59,63
xapi_111,111,M,A,M,1,1,0,KW,KuwaIT,lowerlevel,G-02,C,IT,F,Father,No,Good,Under-7,77,80,51,80
xapi_247,247,F,B,M,1,1,0,KW,KuwaIT,MiddleSchool,G-06,A,Math,S,Father,No,Bad,Above-7,87,48,82,96
xapi_334,334,M,A,L,0,0,0,Lybia,Lybia,lowerlevel,G-02,A,French,F,Mum,No,Good,Above-7,10,8,9,3
xapi_360,360,M,A,M,1,1,0,Jordan,Jordan,lowerlevel,G-02,A,Arabic,F,Father,Yes,Good,Above-7,20,88,31,28
xapi_337,337,F,B,M,1,1,0,Palestine,Jordan,lowerlevel,G-02,A,French,S,Mum,No,Good,Under-7,75,80,15,20
xapi_318,318,F,B,H,1,1,0,Jordan,Jordan,lowerlevel,G-02,A,French,F,Mum,Yes,Good,Under-7,60,97,13,3
xapi_25,25,M,A,L,0,0,0,KW,KuwaIT,MiddleSchool,G-07,A,IT,F,Father,Yes,Good,Above-7,8,7,30,40
xapi_367,367,M,A,M,1,1,0,Jordan,Jordan,lowerlevel,G-02,A,Arabic,S,Father,Yes,Good,Above-7,10,58,51,48
xapi_243,243,M,A,M,1,1,0,Egypt,KuwaIT,MiddleSchool,G-07,B,Science,S,Father,No,Bad,Above-7,12,20,38,46
xapi_197,197,M,A,H,1,1,0,KW,KuwaIT,MiddleSchool,G-08,A,Arabic,S,Mum,No,Bad,Under-7,83,75,62,53
xapi_468,468,F,B,L,0,0,0,Jordan,Jordan,MiddleSchool,G-08,A,Chemistry,F,Father,No,Bad,Above-7,15,9,14,80
xapi_39,39,F,B,M,1,1,0,SaudiArabia,SaudiArabia,MiddleSchool,G-07,B,Science,F,Father,Yes,Good,Under-7,50,90,37,70
xapi_297,297,F,B,H,1,1,0,Jordan,Jordan,lowerlevel,G-04,A,Science,S,Mum,No,Good,Under-7,72,74,82,89
xapi_439,439,M,A,M,1,1,0,Jordan,Jordan,MiddleSchool,G-08,A,Chemistry,S,Mum,Yes,Good,Under-7,70,82,75,29
xapi_204,204,M,A,L,0,0,0,Jordan,Jordan,MiddleSchool,G-08,B,Arabic,S,Father,No,Bad,Above-7,29,10,12,24
xapi_189,189,F,B,M,1,1,0,KW,KuwaIT,MiddleSchool,G-08,A,Arabic,S,Father,No,Bad,Under-7,85,66,12,23
xapi_205,205,F,B,H,1,1,0,SaudiArabia,SaudiArabia,MiddleSchool,G-08,B,Arabic,S,Mum,Yes,Bad,Above-7,72,51,42,24
xapi_128,128,M,A,L,0,0,0,KW,KuwaIT,lowerlevel,G-02,C,IT,F,Father,No,Bad,Under-7,12,10,20,16
xapi_278,278,M,A,M,1,1,0,Palestine,Jordan,MiddleSchool,G-06,A,English,F,Mum,No,Good,Under-7,82,31,52,25
xapi_42,42,M,A,L,0,0,0,KW,KuwaIT,HighSchool,G-09,A,IT,F,Father,Yes,Good,Above-7,10,12,7,33
xapi_54,54,M,A,L,0,0,0,KW,KuwaIT,HighSchool,G-12,A,English,F,Mum,No,Bad,Above-7,12,50,8,30
xapi_275,275,F,B,H,1,1,0,lebanon,lebanon,MiddleSchool,G-06,A,English,S,Mum,Yes,Good,Under-7,90,62,80,60
xapi_271,271,F,B,M,1,1,0,Jordan,Jordan,MiddleSchool,G-06,A,English,S,Mum,No,Good,Under-7,92,81,32,36
xapi_114,114,M,A,L,0,0,0,KW,KuwaIT,lowerlevel,G-02,B,IT,F,Father,No,Bad,Above-7,11,2,0,50
xapi_328,328,F,B,M,1,1,0,Jordan,Palestine,lowerlevel,G-02,A,French,F,Mum,Yes,Good,Under-7,80,77,63,83
xapi_245,245,F,B,M,1,1,0,KW,KuwaIT,MiddleSchool,G-06,A,IT,S,Father,Yes,Bad,Under-7,50,40,52,66
xapi_374,374,M,A,L,0,0,0,Jordan,Jordan,lowerlevel,G-02,B,Arabic,F,Father,No,Bad,Above-7,10,10,40,51
xapi_458,458,M,A,H,1,1,0,Iraq,Iraq,MiddleSchool,G-08,A,Chemistry,F,Father,Yes,Good,Under-7,90,91,80,81
xapi_211,211,M,A,M,1,1,0,KW,KuwaIT,MiddleSchool,G-08,C,Spanish,S,Father,No,Bad,Under-7,17,61,42,14
xapi_101,101,F,B,H,1,1,0,KW,KuwaIT,lowerlevel,G-02,B,IT,F,Mum,Yes,Good,Under-7,70,92,50,7
xapi_16,16,M,A,M,1,1,0,KW,KuwaIT,MiddleSchool,G-07,B,IT,F,Father,No,Bad,Above-7,36,30,20,80
xapi_96,96,F,B,H,1,1,0,KW,KuwaIT,lowerlevel,G-02,C,IT,F,Father,Yes,Good,Under-7,14,60,11,75
xapi_116,116,F,B,M,1,1,0,KW,KuwaIT,lowerlevel,G-02,C,IT,F,Mum,Yes,Good,Above-7,77,80,12,19
xapi_37,37,F,B,M,1,1,0,Egypt,Egypt,MiddleSchool,G-07,A,IT,F,Father,Yes,Good,Under-7,45,54,26,90
xapi_415,415,F,B,L,0,0,0,Lybia,Lybia,MiddleSchool,G-07,B,Biology,S,Mum,No,Good,Above-7,9,7,9,3
xapi_465,465,F,B,H,1,1,0,Jordan,Jordan,MiddleSchool,G-08,A,Chemistry,S,Mum,Yes,Good,Under-7,89,96,45,92
xapi_230,230,M,A,M,1,1,0,Iran,Iran,MiddleSchool,G-08,A,Spanish,S,Mum,No,Bad,Above-7,51,42,12,29
xapi_308,308,M,A,M,1,1,0,Palestine,Jordan,lowerlevel,G-04,B,Science,F,Mum,Yes,Good,Above-7,95,57,74,89
xapi_45,45,M,A,L,0,0,0,KW,KuwaIT,MiddleSchool,G-07,A,Quran,F,Father,No,Good,Above-7,20,12,15,70
xapi_436,436,M,A,M,1,1,0,Jordan,Jordan,MiddleSchool,G-08,A,Geology,F,Mum,Yes,Good,Under-7,80,81,71,30
xapi_175,175,M,A,L,0,0,0,Iran,Iran,lowerlevel,G-02,B,French,S,Father,No,Bad,Above-7,10,2,13,53
xapi_77,77,M,A,M,1,1,0,KW,KuwaIT,HighSchool,G-09,A,IT,F,Father,Yes,Good,Under-7,20,80,33,33
xapi_76,76,M,A,M,1,1,0,Iran,Iran,HighSchool,G-09,A,IT,F,Mum,Yes,Good,Under-7,15,70,37,44
xapi_396,396,M,A,M,1,1,0,Jordan,Jordan,MiddleSchool,G-07,A,Biology,F,Father,Yes,Bad,Under-7,80,80,46,61
xapi_127,127,M,A,L,0,0,0,KW,KuwaIT,lowerlevel,G-02,B,IT,F,Father,No,Bad,Above-7,55,33,6,9
xapi_414,414,F,B,L,0,0,0,Lybia,Lybia,MiddleSchool,G-07,B,Biology,F,Mum,No,Good,Above-7,10,9,2,1
xapi_270,270,F,B,H,1,1,0,Jordan,Jordan,MiddleSchool,G-06,A,English,F,Mum,No,Good,Under-7,90,84,52,30
xapi_333,333,F,B,M,1,1,0,Jordan,Jordan,lowerlevel,G-02,A,French,S,Mum,No,Good,Under-7,25,80,29,23
xapi_276,276,M,A,H,1,1,0,Palestine,Jordan,MiddleSchool,G-06,A,English,F,Mum,Yes,Good,Under-7,72,21,22,26
xapi_288,288,M,A,M,1,1,0,Palestine,Jordan,MiddleSchool,G-06,A,English,F,Mum,Yes,Good,Under-7,71,70,65,69
xapi_366,366,M,A,M,1,1,0,Jordan,Jordan,lowerlevel,G-02,A,Arabic,F,Father,Yes,Good,Above-7,10,18,71,38
xapi_7,7,M,A,M,1,1,0,KW,KuwaIT,MiddleSchool,G-07,A,Math,F,Father,Yes,Good,Under-7,50,10,15,22
xapi_188,188,M,A,H,1,1,0,KW,KuwaIT,MiddleSchool,G-08,A,Arabic,S,Mum,Yes,Good,Under-7,75,71,72,53
xapi_174,174,F,B,M,1,1,0,Jordan,Jordan,lowerlevel,G-02,B,French,S,Father,Yes,Bad,Above-7,50,62,73,43
xapi_124,124,M,A,L,0,0,0,KW,KuwaIT,lowerlevel,G-02,C,IT,F,Father,Yes,Bad,Under-7,0,6,4,15
xapi_33,33,M,A,L,0,0,0,KW,KuwaIT,lowerlevel,G-05,A,English,F,Father,No,Bad,Above-7,8,22,9,40
xapi_376,376,M,A,M,1,1,0,Jordan,Jordan,lowerlevel,G-02,B,Arabic,F,Mum,Yes,Bad,Above-7,20,90,50,61
xapi_344,344,F,B,H,1,1,0,Jordan,Jordan,lowerlevel,G-02,B,French,F,Mum,No,Good,Under-7,14,97,15,14
xapi_339,339,F,B,M,1,1,0,Palestine,Jordan,lowerlevel,G-02,B,French,S,Father,No,Good,Under-7,79,89,11,14
xapi_277,277,M,A,H,1,1,0,Palestine,Jordan,MiddleSchool,G-06,A,English,S,Mum,Yes,Good,Under-7,92,31,42,27
xapi_35,35,M,A,L,0,0,0,KW,KuwaIT,MiddleSchool,G-07,A,English,F,Father,No,Bad,Above-7,10,12,17,30
xapi_455,455,F,B,M,1,1,0,Jordan,Jordan,MiddleSchool,G-08,A,History,S,Father,Yes,Good,Under-7,39,88,43,72
xapi_155,155,M,A,H,1,1,0,SaudiArabia,USA,HighSchool,G-11,B,Math,S,Father,Yes,Bad,Under-7,70,58,73,91
xapi_107,107,M,A,H,1,1,0,KW,KuwaIT,lowerlevel,G-02,B,IT,F,Father,Yes,Bad,Under-7,70,90,41,33
xapi_315,315,F,B,H,1,1,0,Jordan,lebanon,lowerlevel,G-04,B,Science,S,Mum,Yes,Good,Under-7,72,84,89,89
xapi_186,186,M,A,M,1,1,0,KW,KuwaIT,MiddleSchool,G-08,A,Arabic,S,Mum,Yes,Good,Under-7,85,15,22,53
xapi_384,384,F,B,H,1,1,0,Iraq,Iraq,lowerlevel,G-02,B,Arabic,F,Mum,Yes,Good,Under-7,89,92,40,28
xapi_323,323,M,A,L,0,0,0,Jordan,Jordan,lowerlevel,G-02,A,French,S,Father,No,Bad,Above-7,30,10,20,5
xapi_31,31,M,A,L,0,0,0,KW,KuwaIT,MiddleSchool,G-07,A,IT,F,Father,Yes,Good,Above-7,4,5,40,16
xapi_314,314,F,B,H,1,1,0,Jordan,lebanon,lowerlevel,G-04,B,Science,F,Mum,Yes,Good,Under-7,78,88,74,83
xapi_454,454,F,B,M,1,1,0,Jordan,Jordan,MiddleSchool,G-08,A,History,F,Father,Yes,Good,Under-7,45,87,57,80
xapi_57,57,M,A,L,0,0,0,KW,KuwaIT,MiddleSchool,G-07,A,Math,F,Father,Yes,Good,Above-7,5,2,6,5
xapi_349,349,M,A,L,0,0,0,Lybia,Lybia,lowerlevel,G-02,B,French,S,Mum,No,Good,Above-7,15,4,12,7
xapi_83,83,M,A,M,1,1,0,KW,KuwaIT,lowerlevel,G-02,B,IT,F,Father,No,Good,Above-7,7,4,10,50
xapi_282,282,F,B,H,1,1,0,Jordan,Jordan,MiddleSchool,G-06,A,English,F,Mum,No,Good,Under-7,95,94,72,80
xapi_23,23,M,A,L,0,0,0,KW,KuwaIT,MiddleSchool,G-07,A,IT,F,Father,No,Bad,Above-7,2,0,2,50
xapi_417,417,M,A,H,1,1,0,Iraq,Iraq,MiddleSchool,G-07,B,Biology,S,Father,Yes,Good,Under-7,89,92,89,83
xapi_341,341,F,B,M,1,1,0,Iraq,Iraq,lowerlevel,G-02,B,French,S,Father,No,Good,Under-7,17,80,13,10
xapi_345,345,F,B,H,1,1,0,Jordan,Jordan,lowerlevel,G-02,B,French,F,Mum,No,Good,Under-7,13,82,20,30
xapi_322,322,M,A,L,0,0,0,Jordan,Jordan,lowerlevel,G-02,A,French,F,Father,No,Bad,Above-7,10,15,10,21
xapi_413,413,M,A,M,1,1,0,Palestine,Jordan,MiddleSchool,G-07,B,Biology,S,Father,Yes,Good,Under-7,79,72,79,83
xapi_66,66,F,B,M,1,1,0,KW,KuwaIT,HighSchool,G-12,A,English,F,Father,No,Bad,Above-7,25,10,19,30
xapi_385,385,F,B,H,1,1,0,Iraq,Iraq,lowerlevel,G-02,B,Arabic,S,Mum,Yes,Good,Under-7,79,93,49,23
xapi_262,262,F,B,M,1,1,0,KW,KuwaIT,lowerlevel,G-04,A,History,S,Mum,Yes,Good,Above-7,21,27,52,34
xapi_395,395,M,A,H,1,1,0,Jordan,Palestine,MiddleSchool,G-07,A,Biology,S,Mum,Yes,Good,Under-7,70,98,54,72
xapi_321,321,F,B,M,1,1,0,Jordan,Jordan,lowerlevel,G-02,A,French,S,Mum,Yes,Good,Above-7,50,80,20,15
xapi_407,407,M,A,L,0,0,0,Jordan,Jordan,MiddleSchool,G-07,A,Biology,S,Mum,No,Bad,Above-7,3,8,19,3
xapi_380,380,F,B,L,0,0,0,Jordan,Jordan,lowerlevel,G-02,B,Arabic,F,Father,No,Bad,Above-7,11,20,20,98
xapi_142,142,M,A,M,1,1,0,Tunis,Tunis,MiddleSchool,G-07,A,Quran,S,Father,Yes,Good,Under-7,10,75,55,11
xapi_130,130,F,B,L,0,0,0,KW,KuwaIT,lowerlevel,G-02,C,IT,F,Father,No,Bad,Above-7,7,9,5,30
xapi_69,69,M,A,M,1,1,0,Jordan,Jordan,MiddleSchool,G-07,A,IT,F,Father,No,Bad,Under-7,39,40,11,33
xapi_166,166,M,A,M,1,1,0,KW,KuwaIT,lowerlevel,G-02,B,French,S,Mum,No,Bad,Under-7,51,82,53,43
xapi_400,400,M,A,M,1,1,0,Jordan,Jordan,MiddleSchool,G-07,A,Biology,F,Father,No,Good,Above-7,39,71,40,26
xapi_208,208,M,A,M,1,1,0,Tunis,Tunis,MiddleSchool,G-08,C,Spanish,S,Mum,No,Bad,Under-7,27,41,49,14
xapi_443,443,M,A,M,1,1,0,Jordan,Jordan,MiddleSchool,G-08,A,History,S,Mum,Yes,Good,Above-7,70,76,65,70
xapi_86,86,M,A,H,1,1,0,SaudiArabia,SaudiArabia,lowerlevel,G-02,B,IT,F,Father,Yes,Good,Under-7,70,12,40,50
xapi_50,50,F,B,L,0,0,0,KW,KuwaIT,HighSchool,G-12,A,English,F,Father,No,Bad,Above-7,20,14,12,70
xapi_347,347,F,B,H,1,1,0,Jordan,Jordan,lowerlevel,G-02,B,French,S,Mum,No,Good,Under-7,23,82,20,30
xapi_469,469,F,B,L,0,0,0,Jordan,Jordan,MiddleSchool,G-08,A,Chemistry,S,Father,No,Bad,Above-7,9,6,15,85
xapi_309,309,M,A,M,1,1,0,Palestine,Jordan,lowerlevel,G-04,B,Science,S,Mum,Yes,Good,Above-7,82,84,79,79
xapi_132,132,M,A,L,0,0,0,KW,KuwaIT,lowerlevel,G-02,C,IT,S,Father,No,Bad,Above-7,0,3,10,3
xapi_438,438,M,A,M,1,1,0,Jordan,Jordan,MiddleSchool,G-08,A,Chemistry,F,Mum,Yes,Good,Under-7,80,82,76,19
xapi_212,212,M,A,H,1,1,0,Tunis,Tunis,MiddleSchool,G-08,C,Spanish,S,Mum,Yes,Good,Under-7,87,81,42,19
xapi_78,78,M,A,L,0,0,0,KW,KuwaIT,HighSchool,G-11,A,Quran,F,Father,No,Bad,Above-7,13,3,11,9
xapi_75,75,M,A,M,1,1,0,Jordan,Jordan,MiddleSchool,G-07,A,Quran,F,Mum,Yes,Good,Under-7,50,90,29,60
xapi_125,125,M,A,L,0,0,0,KW,KuwaIT,lowerlevel,G-02,B,IT,F,Father,No,Good,Above-7,12,30,0,17
xapi_19,19,M,A,H,1,1,0,KW,KuwaIT,MiddleSchool,G-07,B,IT,F,Mum,Yes,Good,Under-7,70,50,40,99
xapi_392,392,F,B,H,1,1,0,Iraq,Iraq,MiddleSchool,G-07,A,Biology,F,Mum,Yes,Good,Under-7,86,98,50,20
xapi_84,84,M,A,H,1,1,0,KW,KuwaIT,lowerlevel,G-02,B,IT,F,Father,Yes,Good,Above-7,50,70,50,10
xapi_115,115,M,A,L,0,0,0,KW,KuwaIT,lowerlevel,G-02,B,IT,F,Father,Yes,Good,Above-7,0,8,11,70
xapi_89,89,M,A,L,0,0,0,KW,KuwaIT,lowerlevel,G-02,B,IT,F,Father,Yes,Good,Above-7,5,20,1,50
xapi_226,226,M,A,L,0,0,0,KW,KuwaIT,MiddleSchool,G-08,B,Spanish,S,Father,No,Bad,Under-7,2,11,62,30
xapi_58,58,M,A,M,1,1,0,KW,KuwaIT,MiddleSchool,G-07,A,Math,F,Father,Yes,Good,Under-7,28,60,19,50
xapi_117,117,F,B,H,1,1,0,KW,KuwaIT,lowerlevel,G-02,C,IT,F,Mum,No,Good,Under-7,25,29,40,17
xapi_265,265,F,B,H,1,1,0,Jordan,Jordan,MiddleSchool,G-06,A,English,S,Mum,No,Bad,Under-7,79,84,82,37
xapi_150,150,M,A,H,1,1,0,SaudiArabia,SaudiArabia,HighSchool,G-11,A,Quran,S,Father,Yes,Good,Under-7,80,80,51,59
xapi_412,412,M,A,M,1,1,0,Palestine,Jordan,MiddleSchool,G-07,B,Biology,F,Father,Yes,Good,Under-7,78,80,66,51
xapi_82,82,M,A,L,0,0,0,KW,KuwaIT,lowerlevel,G-02,B,IT,F,Father,Yes,Good,Above-7,7,5,2,80
xapi_241,241,M,A,M,1,1,0,Egypt,Egypt,MiddleSchool,G-07,B,Science,S,Father,Yes,Good,Under-7,72,80,58,86
xapi_425,425,F,B,H,1,1,0,Jordan,Jordan,MiddleSchool,G-08,A,Geology,S,Mum,Yes,Good,Under-7,84,77,79,68
xapi_136,136,F,B,H,1,1,0,KW,USA,HighSchool,G-11,A,Quran,S,Mum,Yes,Good,Under-7,70,80,95,70
xapi_258,258,F,B,M,1,1,0,KW,KuwaIT,lowerlevel,G-04,A,History,S,Father,Yes,Good,Under-7,80,97,86,95
xapi_60,60,F,B,L,0,0,0,Jordan,Jordan,lowerlevel,G-05,A,English,F,Mum,No,Good,Above-7,21,10,28,20
xapi_445,445,M,A,L,0,0,0,Jordan,Jordan,MiddleSchool,G-08,A,Chemistry,S,Mum,Yes,Good,Above-7,72,76,66,40
xapi_218,218,M,A,H,1,1,0,KW,KuwaIT,MiddleSchool,G-08,C,Spanish,S,Mum,Yes,Bad,Under-7,96,61,42,94
xapi_381,381,F,B,L,0,0,0,Jordan,Jordan,lowerlevel,G-02,B,Arabic,S,Father,No,Bad,Above-7,10,12,29,93
xapi_246,246,F,B,H,1,1,0,KW,KuwaIT,MiddleSchool,G-06,A,Science,S,Father,Yes,Good,Under-7,80,94,62,77
xapi_200,200,M,A,H,1,1,0,KW,KuwaIT,MiddleSchool,G-08,B,Arabic,S,Mum,Yes,Bad,Under-7,15,90,52,83
xapi_370,370,M,A,M,1,1,0,Jordan,Jordan,lowerlevel,G-02,A,Arabic,F,Father,No,Bad,Under-7,10,17,50,21
xapi_17,17,M,A,M,1,1,0,KW,KuwaIT,MiddleSchool,G-07,A,Math,F,Father,No,Bad,Above-7,55,13,35,90
xapi_329,329,F,B,M,1,1,0,Jordan,Palestine,lowerlevel,G-02,A,French,S,Mum,Yes,Good,Under-7,75,85,73,80
xapi_248,248,F,B,L,0,0,0,KW,KuwaIT,MiddleSchool,G-06,A,Quran,S,Father,No,Bad,Above-7,70,40,2,16
xapi_398,398,M,A,H,1,1,0,Palestine,Palestine,MiddleSchool,G-07,A,Biology,F,Father,Yes,Good,Under-7,88,90,86,81
xapi_368,368,F,B,H,1,1,0,Palestine,Jordan,lowerlevel,G-02,A,Arabic,F,Mum,No,Good,Under-7,98,88,60,31
xapi_215,215,M,A,L,0,0,0,KW,KuwaIT,MiddleSchool,G-08,C,Spanish,S,Father,No,Good,Above-7,5,21,42,14
xapi_237,237,M,A,M,1,1,0,KW,KuwaIT,MiddleSchool,G-07,B,Science,S,Father,Yes,Good,Above-7,72,80,58,66
xapi_260,260,M,A,L,0,0,0,KW,KuwaIT,lowerlevel,G-04,A,History,S,Father,No,Bad,Above-7,10,17,12,14
xapi_13,13,M,A,L,0,0,0,lebanon,lebanon,MiddleSchool,G-08,A,Math,F,Father,No,Bad,Above-7,20,14,12,19
xapi_158,158,M,A,L,0,0,0,Tunis,KuwaIT,MiddleSchool,G-07,B,Science,S,Father,No,Bad,Above-7,22,51,48,10
xapi_371,371,M,A,M,1,1,0,Jordan,Jordan,lowerlevel,G-02,A,Arabic,S,Father,No,Bad,Under-7,35,2,29,23
xapi_81,81,M,A,L,0,0,0,KW,KuwaIT,lowerlevel,G-02,A,IT,F,Father,No,Bad,Above-7,8,25,1,70
xapi_269,269,M,A,M,1,1,0,Jordan,Jordan,MiddleSchool,G-06,A,English,S,Father,Yes,Bad,Above-7,18,28,40,20
xapi_320,320,F,B,M,1,1,0,Jordan,Jordan,lowerlevel,G-02,A,French,F,Mum,Yes,Good,Above-7,60,87,23,11
xapi_199,199,M,A,M,1,1,0,KW,KuwaIT,MiddleSchool,G-08,B,Arabic,S,Father,No,Bad,Under-7,45,95,12,13
