rank,local_train_index,sample_id,harmful_influence,observed_label,label,demo,id_student,code_module,code_presentation,final_result
1,1860,BBB_2014B_537605,3.3599340554246737e-07,0,0,A,537605,BBB,2014B,Fail
2,1637,BBB_2013B_526506,3.3555252798578294e-07,0,0,B,526506,BBB,2013B,Withdrawn
3,2142,BBB_2014J_496373,3.313380432246049e-07,0,0,B,496373,BBB,2014J,Withdrawn
4,3516,BBB_2013J_542562,3.301789774923236e-07,0,0,B,542562,BBB,2013J,Withdrawn
5,1169,BBB_2013B_500585,3.2525682058803795e-07,0,0,B,500585,BBB,2013B,Withdrawn
6,329,BBB_2013J_2509297,3.25243945553666e-07,0,0,B,2509297,BBB,2013J,Withdrawn
7,235,BBB_2013B_503390,3.2389061743742786e-07,0,0,B,503390,BBB,2013B,Fail
8,1052,BBB_2014B_484446,3.2193483434639347e-07,0,0,B,484446,BBB,2014B,Withdrawn
9,378,BBB_2014J_656576,3.191026110016537e-07,0,0,B,656576,BBB,2014J,Withdrawn
10,3914,BBB_2013B_183806,3.167491513522691e-07,0,0,B,183806,BBB,2013B,Fail
11,1826,BBB_2013J_590310,3.1651546805733233e-07,0,0,B,590310,BBB,2013J,Withdrawn
12,1121,BBB_2013J_595047,3.1522114340987173e-07,0,0,B,595047,BBB,2013J,Withdrawn
13,1058,BBB_2013J_280151,3.1272534783965966e-07,0,0,B,280151,BBB,2013J,Fail
14,326,BBB_2013J_575520,3.1236777431331575e-07,0,0,B,575520,BBB,2013J,Withdrawn
15,2068,BBB_2013B_510492,3.108796136075398e-07,0,0,B,510492,BBB,2013B,Fail
16,224,BBB_2014B_2690719,3.1049555104800675e-07,0,0,A,2690719,BBB,2014B,Withdrawn
17,3789,BBB_2013J_576550,3.100408036971203e-07,0,0,B,576550,BBB,2013J,Withdrawn
18,2564,BBB_2014B_591309,3.097293586051819e-07,0,0,B,591309,BBB,2014B,Withdrawn
19,1433,BBB_2013J_475594,3.0967359521127946e-07,0,0,B,475594,BBB,2013J,Fail
20,2840,BBB_2013B_499931,3.0896819680492627e-07,0,0,B,499931,BBB,2013B,Fail
21,2501,BBB_2013J_600211,3.080191106619168e-07,0,0,B,600211,BBB,2013J,Fail
22,868,BBB_2013J_589239,3.080191106619168e-07,0,0,B,589239,BBB,2013J,Withdrawn
23,2855,BBB_2013B_335421,3.078579879911558e-07,0,0,B,335421,BBB,2013B,Fail
24,3819,BBB_2013J_551628,3.0780134352426103e-07,0,0,B,551628,BBB,2013J,Withdrawn
25,3901,BBB_2014J_165498,3.0777368920098525e-07,0,0,B,165498,BBB,2014J,Withdrawn
26,203,BBB_2014B_140719,3.0711905196767475e-07,0,0,B,140719,BBB,2014B,Fail
27,1975,BBB_2014J_686703,3.069076512929314e-07,0,0,B,686703,BBB,2014J,Withdrawn
28,2323,BBB_2013J_564791,3.0690051744386437e-07,0,0,B,564791,BBB,2013J,Withdrawn
29,3536,BBB_2013B_509295,3.066065517032257e-07,0,0,B,509295,BBB,2013B,Withdrawn
30,1413,BBB_2013J_551515,3.0615208856943354e-07,0,0,B,551515,BBB,2013J,Withdrawn
31,980,BBB_2013J_490500,3.0547249707524315e-07,0,0,B,490500,BBB,2013J,Fail
32,2362,BBB_2013J_577905,3.0547249707524315e-07,0,0,B,577905,BBB,2013J,Withdrawn
33,530,BBB_2014J_2629503,3.0529955097335915e-07,0,0,B,2629503,BBB,2014J,Withdrawn
34,1764,BBB_2014B_597730,3.05177508153065e-07,0,0,B,597730,BBB,2014B,Fail
35,1231,BBB_2013J_529597,3.05153605495434e-07,0,0,B,529597,BBB,2013J,Fail
36,614,BBB_2013J_576882,3.0426704711317143e-07,0,0,B,576882,BBB,2013J,Fail
37,1521,BBB_2014J_682731,3.0389594485313864e-07,0,0,B,682731,BBB,2014J,Withdrawn
38,1874,BBB_2013J_607286,3.0330966183100827e-07,0,0,B,607286,BBB,2013J,Withdrawn
39,404,BBB_2014B_577905,3.0321140798150736e-07,0,0,B,577905,BBB,2014B,Fail
40,52,BBB_2014J_653551,3.0204802214939264e-07,0,0,B,653551,BBB,2014J,Withdrawn
41,1520,BBB_2014J_485853,3.014284857272287e-07,0,0,B,485853,BBB,2014J,Withdrawn
42,2281,BBB_2014B_2300911,3.0131545258882397e-07,0,0,B,2300911,BBB,2014B,Withdrawn
43,521,BBB_2014J_681961,3.012581544226123e-07,0,0,B,681961,BBB,2014J,Withdrawn
44,3765,BBB_2013B_501008,3.007749000971671e-07,0,0,B,501008,BBB,2013B,Withdrawn
45,1469,BBB_2014J_630343,3.006836379881861e-07,0,0,B,630343,BBB,2014J,Withdrawn
46,2400,BBB_2014J_617811,3.0038725640224584e-07,0,0,B,617811,BBB,2014J,Withdrawn
47,811,BBB_2013B_485352,2.997063006660028e-07,0,0,B,485352,BBB,2013B,Withdrawn
48,2653,BBB_2013J_553893,2.9947779012218234e-07,0,0,B,553893,BBB,2013J,Fail
49,2486,BBB_2014B_606501,2.9913360322098015e-07,0,0,B,606501,BBB,2014B,Withdrawn
50,2492,BBB_2013J_78255,2.9868695605728135e-07,0,0,B,78255,BBB,2013J,Withdrawn
51,1164,BBB_2013B_2578041,2.9865665851502854e-07,0,0,B,2578041,BBB,2013B,Withdrawn
52,1021,BBB_2013J_587120,2.981064994855842e-07,0,0,B,587120,BBB,2013J,Withdrawn
53,2093,BBB_2014J_675116,2.9771223353236564e-07,0,0,B,675116,BBB,2014J,Withdrawn
54,1926,BBB_2013J_607848,2.9764109399366134e-07,0,0,B,607848,BBB,2013J,Withdrawn
55,1037,BBB_2013B_242149,2.9711713978031185e-07,0,0,B,242149,BBB,2013B,Withdrawn
56,1500,BBB_2013B_127209,2.968219803278771e-07,0,0,B,127209,BBB,2013B,Withdrawn
57,2510,BBB_2013J_582591,2.9645269705724786e-07,0,0,B,582591,BBB,2013J,Fail
58,956,BBB_2013J_576375,2.9645269705724786e-07,0,0,B,576375,BBB,2013J,Withdrawn
59,2166,BBB_2013B_232745,2.961555765068624e-07,0,0,B,232745,BBB,2013B,Withdrawn
60,119,BBB_2013J_521209,2.958126685825846e-07,0,0,A,521209,BBB,2013J,Withdrawn
61,3419,BBB_2013J_430352,2.9562340841948753e-07,0,0,B,430352,BBB,2013J,Withdrawn
62,2447,BBB_2014B_526948,2.954883200345648e-07,0,0,B,526948,BBB,2014B,Withdrawn
63,843,BBB_2014J_691343,2.947020334431727e-07,0,0,A,691343,BBB,2014J,Withdrawn
64,3086,BBB_2013B_508103,2.945790242847579e-07,0,0,B,508103,BBB,2013B,Withdrawn
65,393,BBB_2013J_604917,2.9430086101456254e-07,1,1,B,604917,BBB,2013J,Pass
66,1232,BBB_2013J_592147,2.9430086101456254e-07,1,1,B,592147,BBB,2013J,Pass
67,2306,BBB_2013J_515203,2.93738537493482e-07,0,0,B,515203,BBB,2013J,Fail
68,26,BBB_2013J_242149,2.93659098815624e-07,0,0,B,242149,BBB,2013J,Fail
69,2942,BBB_2013B_421205,2.933224720891303e-07,0,0,B,421205,BBB,2013B,Fail
70,2725,BBB_2014J_65807,2.929200491053052e-07,0,0,B,65807,BBB,2014J,Withdrawn
71,1252,BBB_2013B_291701,2.928550486558379e-07,0,0,B,291701,BBB,2013B,Withdrawn
72,3079,BBB_2013B_503353,2.927998252744146e-07,0,0,B,503353,BBB,2013B,Withdrawn
73,1716,BBB_2014B_2439442,2.927990863099694e-07,0,0,B,2439442,BBB,2014B,Withdrawn
74,3435,BBB_2014J_648820,2.9267928880472027e-07,0,0,B,648820,BBB,2014J,Withdrawn
75,1774,BBB_2013J_581959,2.9244264965200273e-07,0,0,B,581959,BBB,2013J,Withdrawn
76,2267,BBB_2013B_512911,2.922712667441374e-07,0,0,B,512911,BBB,2013B,Fail
77,3476,BBB_2014B_75118,2.9209951435404946e-07,0,0,B,75118,BBB,2014B,Withdrawn
78,3801,BBB_2013B_357038,2.919915118582139e-07,0,0,B,357038,BBB,2013B,Fail
79,1202,BBB_2013J_612484,2.9159218684071675e-07,1,1,B,612484,BBB,2013J,Pass
80,85,BBB_2013J_606414,2.9159218684071675e-07,1,1,B,606414,BBB,2013J,Pass
81,184,BBB_2013J_476816,2.9154608682802063e-07,0,0,B,476816,BBB,2013J,Fail
82,2992,BBB_2014B_529705,2.913463958975626e-07,0,0,B,529705,BBB,2014B,Withdrawn
83,1025,BBB_2013B_478317,2.908683427449432e-07,0,0,B,478317,BBB,2013B,Withdrawn
84,3713,BBB_2014J_522478,2.906824647652684e-07,0,0,B,522478,BBB,2014J,Fail
85,2040,BBB_2014B_586435,2.9067993523312907e-07,0,0,B,586435,BBB,2014B,Withdrawn
86,3367,BBB_2013J_591895,2.9062960038572783e-07,0,0,B,591895,BBB,2013J,Withdrawn
87,20,BBB_2013J_305173,2.906270424318791e-07,0,0,A,305173,BBB,2013J,Fail
88,472,BBB_2013J_503878,2.904359632793785e-07,0,0,B,503878,BBB,2013J,Fail
89,1226,BBB_2013J_528642,2.901440439018188e-07,0,0,B,528642,BBB,2013J,Withdrawn
90,256,BBB_2014B_523021,2.90120880208633e-07,0,0,B,523021,BBB,2014B,Withdrawn
91,3874,BBB_2014J_605383,2.8995955858590605e-07,0,0,B,605383,BBB,2014J,Withdrawn
92,2250,BBB_2013B_503878,2.8981585842302593e-07,0,0,B,503878,BBB,2013B,Withdrawn
93,919,BBB_2014B_607848,2.8965996534680016e-07,0,0,B,607848,BBB,2014B,Fail
94,3702,BBB_2013J_496091,2.895527586588287e-07,0,0,B,496091,BBB,2013J,Fail
95,1532,BBB_2013J_513076,2.893612531806866e-07,0,0,B,513076,BBB,2013J,Fail
96,3021,BBB_2013J_588504,2.893612531806866e-07,0,0,B,588504,BBB,2013J,Withdrawn
97,3639,BBB_2014B_543963,2.8932223017363867e-07,0,0,A,543963,BBB,2014B,Withdrawn
98,2421,BBB_2013J_259182,2.892033421630913e-07,0,0,A,259182,BBB,2013J,Withdrawn
99,3352,BBB_2013J_90243,2.891817700856336e-07,1,1,B,90243,BBB,2013J,Pass
100,1613,BBB_2013J_596372,2.891817700856336e-07,1,1,B,596372,BBB,2013J,Pass
